{"gradients/output.bias": {"_type": "histogram", "values": [1.0, 0.0, 0.0, 0.0, 0.0, 0.0, 0.0, 0.0, 0.0, 0.0, 0.0, 0.0, 0.0, 0.0, 0.0, 0.0, 0.0, 0.0, 0.0, 1.0, 0.0, 0.0, 0.0, 0.0, 0.0, 0.0, 0.0, 0.0, 0.0, 0.0, 2.0, 0.0, 0.0, 0.0, 0.0, 0.0, 0.0, 0.0, 0.0, 0.0, 0.0, 0.0, 0.0, 0.0, 0.0, 1.0, 1.0, 0.0, 1.0, 1.0, 0.0, 0.0, 0.0, 0.0, 0.0, 0.0, 0.0, 1.0, 0.0, 0.0, 0.0, 0.0, 0.0, 1.0], "bins": [-0.014074156060814857, -0.013715413399040699, -0.013356671668589115, -0.012997929006814957, -0.012639187276363373, -0.012280444614589214, -0.01192170288413763, -0.011562960222363472, -0.011204218491911888, -0.01084547583013773, -0.010486734099686146, -0.010127991437911987, -0.009769249707460403, -0.009410507045686245, -0.009051765315234661, -0.008693022653460503, -0.008334280923008919, -0.00797553826123476, -0.007616796530783176, -0.007258054334670305, -0.006899312138557434, -0.006540569942444563, -0.006181827746331692, -0.005823085084557533, -0.005464342422783375, -0.005105600226670504, -0.0047468580305576324, -0.004388115834444761, -0.00402937363833189, -0.003670631442219019, -0.003311889013275504, -0.002953146817162633, -0.0025944048538804054, -0.0022356626577675343, -0.001876920461654663, -0.00151817814912647, -0.001159435953013599, -0.0008006937569007277, -0.00044195144437253475, -8.320924825966358e-05, 0.00027553271502256393, 0.0006342749111354351, 0.0009930171072483063, 0.0013517594197764993, 0.0017105016158893704, 0.00206924369558692, 0.0024279861245304346, 0.0027867283206433058, 0.0031454707495868206, 0.0035042129456996918, 0.003862955141812563, 0.004221697337925434, 0.004580439534038305, 0.0049391817301511765, 0.005297924391925335, 0.005656666122376919, 0.006015408784151077, 0.0063741509802639484, 0.00673289317637682, 0.007091635372489691, 0.007450377568602562, 0.007809119764715433, 0.008167861960828304, 0.008526604622602463, 0.008885346353054047]}, "gradients/output.weight": {"_type": "histogram", "values": [1.0, 0.0, 1.0, 0.0, 0.0, 0.0, 0.0, 0.0, 0.0, 0.0, 2.0, 0.0, 1.0, 1.0, 1.0, 1.0, 0.0, 1.0, 1.0, 2.0, 2.0, 0.0, 5.0, 5.0, 6.0, 3.0, 11.0, 6.0, 13.0, 17.0, 15.0, 18.0, 36.0, 959.0, 65.0, 32.0, 22.0, 18.0, 7.0, 1.0, 7.0, 6.0, 3.0, 0.0, 1.0, 1.0, 2.0, 0.0, 0.0, 2.0, 0.0, 0.0, 1.0, 0.0, 2.0, 1.0, 0.0, 0.0, 0.0, 0.0, 0.0, 0.0, 0.0, 1.0], "bins": [-0.10991919785737991, -0.10660845041275024, -0.10329769551753998, -0.09998694062232971, -0.09667619317770004, -0.09336544573307037, -0.09005469083786011, -0.08674393594264984, -0.08343318849802017, -0.0801224410533905, -0.07681168615818024, -0.07350093126296997, -0.0701901838183403, -0.06687943637371063, -0.06356868147850037, -0.0602579303085804, -0.05694717913866043, -0.05363642796874046, -0.050325676798820496, -0.04701492562890053, -0.04370417445898056, -0.04039342328906059, -0.037082672119140625, -0.03377192094922066, -0.03046116977930069, -0.027150418609380722, -0.023839667439460754, -0.020528916269540787, -0.01721816509962082, -0.013907413929700851, -0.010596662759780884, -0.007285911589860916, -0.003975167870521545, -0.0006644167006015778, 0.00264633446931839, 0.0059570856392383575, 0.009267836809158325, 0.012578587979078293, 0.01588933914899826, 0.019200090318918228, 0.022510841488838196, 0.025821592658758163, 0.02913234382867813, 0.0324430949985981, 0.035753846168518066, 0.039064597338438034, 0.042375348508358, 0.04568609967827797, 0.04899685084819794, 0.052307602018117905, 0.05561835318803787, 0.05892910435795784, 0.06223985552787781, 0.06555061042308807, 0.06886135786771774, 0.07217210531234741, 0.07548286020755768, 0.07879361510276794, 0.08210436254739761, 0.08541510999202728, 0.08872586488723755, 0.09203661978244781, 0.09534736722707748, 0.09865811467170715, 0.10196886956691742]}, "gradients/hidden_layers.2.bias": {"_type": "histogram", "values": [1.0, 0.0, 1.0, 0.0, 0.0, 1.0, 0.0, 1.0, 0.0, 1.0, 2.0, 4.0, 3.0, 3.0, 1.0, 3.0, 4.0, 6.0, 6.0, 8.0, 3.0, 2.0, 4.0, 2.0, 10.0, 42.0, 2.0, 1.0, 1.0, 1.0, 0.0, 0.0, 0.0, 3.0, 2.0, 0.0, 0.0, 0.0, 1.0, 2.0, 1.0, 0.0, 1.0, 1.0, 0.0, 0.0, 0.0, 0.0, 0.0, 0.0, 0.0, 0.0, 1.0, 0.0, 0.0, 0.0, 1.0, 0.0, 0.0, 0.0, 0.0, 0.0, 1.0, 1.0], "bins": [-0.0028100775089114904, -0.002699801232665777, -0.0025895251892507076, -0.0024792489130049944, -0.002368972869589925, -0.0022586965933442116, -0.002148420549929142, -0.0020381442736834288, -0.0019278681138530374, -0.001817591954022646, -0.0017073157941922545, -0.0015970396343618631, -0.00148676335811615, -0.0013764873147010803, -0.001266211038455367, -0.0011559348786249757, -0.0010456587187945843, -0.0009353825589641929, -0.0008251063991338015, -0.0007148301810957491, -0.0006045540212653577, -0.0004942778614349663, -0.000384001643396914, -0.0002737254835665226, -0.00016344920732080936, -5.317303293850273e-05, 5.7103141443803906e-05, 0.00016737933037802577, 0.0002776554902084172, 0.0003879316500388086, 0.0004982078680768609, 0.0006084840279072523, 0.0007187598384916782, 0.0008290359983220696, 0.000939312158152461, 0.0010495884343981743, 0.0011598644778132439, 0.001270140754058957, 0.0013804169138893485, 0.00149069307371974, 0.0016009691171348095, 0.001711245276965201, 0.0018215214367955923, 0.0019317977130413055, 0.002042073756456375, 0.0021523500327020884, 0.0022626263089478016, 0.002372902352362871, 0.0024831786286085844, 0.0025934549048542976, 0.0027037309482693672, 0.0028140072245150805, 0.00292428326793015, 0.0030345595441758633, 0.003144835587590933, 0.003255111863836646, 0.0033653881400823593, 0.0034756644163280725, 0.003585940459743142, 0.0036962167359888554, 0.003806492779403925, 0.0039167688228189945, 0.004027045331895351, 0.004137321375310421, 0.004247597418725491]}, "gradients/hidden_layers.2.weight": {"_type": "histogram", "values": [1.0, 1.0, 0.0, 1.0, 0.0, 0.0, 1.0, 0.0, 2.0, 6.0, 3.0, 4.0, 8.0, 17.0, 10.0, 19.0, 21.0, 18.0, 42.0, 48.0, 72.0, 92.0, 152.0, 205.0, 328.0, 728.0, 29576.0, 569.0, 237.0, 138.0, 103.0, 62.0, 54.0, 50.0, 38.0, 23.0, 21.0, 18.0, 19.0, 11.0, 16.0, 11.0, 4.0, 9.0, 4.0, 3.0, 3.0, 2.0, 3.0, 4.0, 1.0, 2.0, 1.0, 1.0, 1.0, 0.0, 2.0, 0.0, 1.0, 1.0, 0.0, 0.0, 0.0, 1.0], "bins": [-0.015480111353099346, -0.014903831295669079, -0.014327551238238811, -0.013751271180808544, -0.013174992054700851, -0.012598711997270584, -0.012022431939840317, -0.01144615188241005, -0.010869871824979782, -0.010293591767549515, -0.009717311710119247, -0.00914103165268898, -0.008564751595258713, -0.007988471537828445, -0.007412192411720753, -0.006835912354290485, -0.006259632296860218, -0.005683352239429951, -0.005107072181999683, -0.004530792590230703, -0.003954512532800436, -0.0033782324753701687, -0.002801952650770545, -0.0022256728261709213, -0.001649392768740654, -0.0010731128277257085, -0.000496832886710763, 7.944705430418253e-05, 0.000655726995319128, 0.0012320070527493954, 0.001808286877349019, 0.0023845667019486427, 0.0029608476907014847, 0.003537127748131752, 0.004113407805562019, 0.004689687397330999, 0.005265967454761267, 0.005842247512191534, 0.006418527103960514, 0.006994807161390781, 0.007571087218821049, 0.008147367276251316, 0.008723647333681583, 0.00929992739111185, 0.009876206517219543, 0.01045248657464981, 0.011028766632080078, 0.011605046689510345, 0.012181326746940613, 0.01275760680437088, 0.013333886861801147, 0.013910166919231415, 0.014486446976661682, 0.01506272703409195, 0.015639007091522217, 0.016215287148952484, 0.01679156720638275, 0.01736784726381302, 0.017944127321243286, 0.018520407378673553, 0.01909668743610382, 0.019672967493534088, 0.020249247550964355, 0.020825527608394623, 0.02140180580317974]}, "gradients/hidden_layers.1.bias": {"_type": "histogram", "values": [1.0, 0.0, 0.0, 0.0, 0.0, 0.0, 0.0, 0.0, 0.0, 0.0, 1.0, 0.0, 1.0, 0.0, 0.0, 0.0, 1.0, 1.0, 1.0, 0.0, 0.0, 0.0, 2.0, 2.0, 0.0, 2.0, 2.0, 4.0, 4.0, 1.0, 3.0, 3.0, 8.0, 6.0, 5.0, 11.0, 11.0, 28.0, 103.0, 8.0, 3.0, 4.0, 6.0, 3.0, 5.0, 3.0, 1.0, 3.0, 1.0, 2.0, 2.0, 2.0, 3.0, 2.0, 1.0, 2.0, 1.0, 0.0, 0.0, 2.0, 0.0, 0.0, 0.0, 1.0],