{"gradients/output.bias": {"_type": "histogram", "values": [1.0, 0.0, 0.0, 0.0, 0.0, 0.0, 0.0, 0.0, 0.0, 0.0, 0.0, 0.0, 0.0, 0.0, 0.0, 0.0, 0.0, 0.0, 0.0, 0.0, 0.0, 0.0, 0.0, 0.0, 0.0, 0.0, 0.0, 0.0, 0.0, 0.0, 1.0, 0.0, 0.0, 0.0, 0.0, 0.0, 0.0, 0.0, 0.0, 1.0, 0.0, 0.0, 2.0, 0.0, 0.0, 1.0, 0.0, 0.0, 1.0, 0.0, 1.0, 0.0, 0.0, 0.0, 0.0, 0.0, 1.0, 0.0, 0.0, 0.0, 0.0, 0.0, 0.0, 1.0], "bins": [-0.011356362141668797, -0.011086360551416874, -0.010816359892487526, -0.010546358302235603, -0.01027635671198368, -0.010006355121731758, -0.009736353531479836, -0.009466352872550488, -0.009196351282298565, -0.008926349692046642, -0.008656349033117294, -0.008386347442865372, -0.008116345852613449, -0.007846344262361526, -0.007576343137770891, -0.007306342013180256, -0.007036340422928333, -0.006766338832676411, -0.006496337708085775, -0.00622633658349514, -0.0059563349932432175, -0.005686333402991295, -0.0054163322784006596, -0.005146331153810024, -0.004876329563558102, -0.004606327973306179, -0.004336326848715544, -0.0040663257241249084, -0.003796324133872986, -0.003526322776451707, -0.003256321419030428, -0.002986320061609149, -0.00271631870418787, -0.002446317346766591, -0.002176315989345312, -0.0019063146319240332, -0.0016363132745027542, -0.0013663119170814753, -0.0010963105596601963, -0.0008263092022389174, -0.0005563078448176384, -0.00028630648739635944, -1.630512997508049e-05, 0.00025369622744619846, 0.0005236975848674774, 0.0007936989422887564, 0.0010637002997100353, 0.0013337016571313143, 0.0016037030145525932, 0.0018737043719738722, 0.002143705729395151, 0.00241370708681643, 0.002683708444237709, 0.002953709801658988, 0.003223711159080267, 0.003493712516501546, 0.003763713873922825, 0.0040337154641747475, 0.004303716588765383, 0.004573717713356018, 0.004843719303607941, 0.005113720893859863, 0.005383722018450499, 0.005653723143041134, 0.0059237247332930565]}, "gradients/output.weight": {"_type": "histogram", "values": [1.0, 0.0, 0.0, 0.0, 0.0, 0.0, 0.0, 1.0, 0.0, 0.0, 0.0, 0.0, 0.0, 0.0, 1.0, 0.0, 0.0, 0.0, 0.0, 0.0, 1.0, 0.0, 0.0, 1.0, 1.0, 1.0, 2.0, 1.0, 4.0, 2.0, 4.0, 4.0, 2.0, 3.0, 9.0, 1109.0, 73.0, 24.0, 13.0, 2.0, 8.0, 5.0, 2.0, 1.0, 1.0, 0.0, 1.0, 0.0, 1.0, 0.0, 1.0, 0.0, 0.0, 0.0, 0.0, 0.0, 0.0, 0.0, 0.0, 0.0, 0.0, 0.0, 0.0, 1.0], "bins": [-0.13859622180461884, -0.1347351223230362, -0.13087402284145355, -0.1270129233598709, -0.12315182387828827, -0.11929072439670563, -0.11542962491512299, -0.11156852543354034, -0.1077074259519577, -0.10384632647037506, -0.09998522698879242, -0.09612412750720978, -0.09226302802562714, -0.0884019285440445, -0.08454082906246185, -0.08067972958087921, -0.07681863754987717, -0.07295753806829453, -0.06909643858671188, -0.06523533910512924, -0.0613742396235466, -0.05751314014196396, -0.053652044385671616, -0.049790944904088974, -0.04592984914779663, -0.04206874966621399, -0.03820765018463135, -0.034346550703048706, -0.030485453084111214, -0.026624353602528572, -0.02276325598359108, -0.018902156502008438, -0.015041053295135498, -0.011179953813552856, -0.0073188552632927895, -0.0034577567130327225, 0.00040334276854991913, 0.004264442250132561, 0.008125539869070053, 0.011986639350652695, 0.015847742557525635, 0.019708842039108276, 0.023569941520690918, 0.02743103913962841, 0.0312921404838562, 0.03515323996543884, 0.039014335721731186, 0.04287543520331383, 0.04673653095960617, 0.05059763044118881, 0.054458729922771454, 0.058319829404354095, 0.06218092888593674, 0.06604202836751938, 0.06990312039852142, 0.07376421988010406, 0.0776253193616867, 0.08148641884326935, 0.08534751832485199, 0.08920861780643463, 0.09306971728801727, 0.09693081676959991, 0.10079191625118256, 0.1046530157327652, 0.10851411521434784]}, "gradients/hidden_layers.2.bias": {"_type": "histogram", "values": [1.0, 0.0, 0.0, 1.0, 1.0, 0.0, 0.0, 0.0, 0.0, 3.0, 1.0, 1.0, 2.0, 1.0, 4.0, 1.0, 1.0, 4.0, 2.0, 3.0, 90.0, 1.0, 1.0, 1.0, 1.0, 2.0, 2.0, 0.0, 0.0, 1.0, 0.0, 0.0, 0.0, 0.0, 0.0, 0.0, 0.0, 0.0, 0.0, 0.0, 1.0, 0.0, 0.0, 0.0, 1.0, 0.0, 0.0, 0.0, 0.0, 0.0, 0.0, 0.0, 0.0, 0.0, 0.0, 0.0, 0.0, 0.0, 0.0, 0.0, 0.0, 0.0, 0.0, 1.0], "bins": [-0.002210038946941495, -0.0021031496580690145, -0.001996260369196534, -0.0018893711967393756, -0.001782482024282217, -0.0016755927354097366, -0.0015687034465372562, -0.0014618141576647758, -0.0013549249852076173, -0.0012480356963351369, -0.0011411465238779783, -0.001034257235005498, -0.0009273680043406785, -0.000820478773675859, -0.0007135894848033786, -0.0006067002541385591, -0.0004998110234737396, -0.00039292179280892015, -0.0002860325330402702, -0.00017914327327162027, -7.22540426068008e-05, 3.4635188058018684e-05, 0.00014152447693049908, 0.00024841370759531856, 0.00035530305467545986, 0.00046219228534027934, 0.0005690815160050988, 0.0006759708048775792, 0.0007828600355423987, 0.0008897492662072182, 0.0009966385550796986, 0.001103527843952179, 0.001210416667163372, 0.0013173059560358524, 0.001424195128493011, 0.0015310844173654914, 0.00163797358982265, 0.0017448628786951303, 0.0018517521675676107, 0.001958641456440091, 0.002065530512481928, 0.0021724198013544083, 0.0022793090902268887, 0.002386198379099369, 0.002493087435141206, 0.002599976724013686, 0.0027068660128861666, 0.002813755301758647, 0.0029206445906311274, 0.0030275338795036077, 0.003134423168376088, 0.003241312224417925, 0.0033482015132904053, 0.0034550908021628857, 0.003561980091035366, 0.0036688693799078465, 0.003775758668780327, 0.0038826479576528072, 0.003989537246525288, 0.004096426535397768, 0.004203315824270248, 0.0043102046474814415, 0.004417094402015209, 0.004523983225226402, 0.004630872514098883]}, "gradients/hidden_layers.2.weight": {"_type": "histogram", "values": [1.0, 0.0, 0.0, 0.0, 1.0, 0.0, 0.0, 0.0, 0.0, 1.0, 0.0, 0.0, 3.0, 1.0, 6.0, 9.0, 12.0, 14.0, 41.0, 115.0, 32504.0, 27.0, 11.0, 9.0, 3.0, 2.0, 1.0, 1.0, 1.0, 0.0, 0.0, 0.0, 0.0, 1.0, 1.0, 0.0, 0.0, 0.0, 0.0, 1.0, 0.0, 0.0, 0.0, 0.0, 1.0, 0.0, 0.0, 0.0, 0.0, 0.0, 0.0, 0.0, 0.0, 0.0, 0.0, 0.0, 0.0, 0.0, 0.0, 0.0, 0.0, 0.0, 0.0, 1.0], "bins": [-0.04377966746687889, -0.04164008051156998, -0.03950049728155136, -0.03736091032624245, -0.03522132337093353, -0.03308174014091492, -0.030942153185606003, -0.028802568092942238, -0.026662983000278473, -0.024523397907614708, -0.022383812814950943, -0.02024422585964203, -0.018104640766978264, -0.0159650556743145, -0.01382546965032816, -0.01168588362634182, -0.009546298533678055, -0.0074067129753530025, -0.00526712741702795, -0.003127541858702898, -0.0009879563003778458, 0.0011516287922859192, 0.0032912148162722588, 0.005430800840258598, 0.007570385932922363, 0.009709971025586128, 0.011849557049572468, 0.013989143073558807, 0.016128728166222572, 0.018268313258886337, 0.02040790021419525, 0.022547485306859016, 0.02468707412481308, 0.026826659217476845, 0.02896624431014061, 0.031105831265449524, 0.03324541449546814, 0.035385001450777054, 0.03752458840608597, 0.039664171636104584, 0.0418037585914135, 0.04394334554672241, 0.04608292877674103, 0.04822251573204994, 0.050362102687358856, 0.05250168591737747, 0.054641272872686386, 0.0567808598279953, 0.058920443058013916, 0.06106003001332283, 0.06319961696863174, 0.06533920019865036, 0.06747878342866898, 0.06961837410926819, 0.0717579573392868, 0.07389754056930542, 0.07603712379932404, 0.07817670702934265, 0.08031629770994186, 0.08245588093996048, 0.0845954641699791, 0.08673505485057831, 0.08887463808059692, 0.09101422131061554, 0.09315381199121475]}, "gradients/hidden_layers.1.bias": {"_type": "histogram", "values": [1.0, 0.0, 0.0, 0.0, 0.0, 0.0, 0.0, 0.0, 0.0, 0.0, 0.0, 0.0, 0.0, 0.0, 0.0, 0.0, 0.0, 0.0, 0.0, 0.0, 0.0, 0.0, 0.0, 0.0, 0.0, 0.0, 0.0, 0.0, 1.0, 2.0, 2.0, 3.0, 5.0, 8.0, 3.0, 212.0, 11.0, 3.0, 2.0, 0.0, 0.0, 1.0, 1.0, 0.0, 0.0, 0.0, 0.0, 0.0, 0.0, 0.0, 0.0, 0.0, 0.0, 0.0, 0.0, 0.0, 0.0, 0.0, 0.0, 0.0, 0.0, 0.0, 0.0, 1.0],