{"gradients/output.bias": {"_type": "histogram", "values": [2.0, 0.0, 1.0, 0.0, 0.0, 0.0, 0.0, 0.0, 0.0, 0.0, 0.0, 0.0, 0.0, 0.0, 0.0, 2.0, 1.0, 0.0, 0.0, 0.0, 0.0, 0.0, 0.0, 0.0, 0.0, 0.0, 0.0, 0.0, 0.0, 0.0, 0.0, 0.0, 2.0, 0.0, 0.0, 0.0, 0.0, 0.0, 0.0, 0.0, 0.0, 0.0, 0.0, 0.0, 0.0, 0.0, 0.0, 0.0, 0.0, 0.0, 0.0, 0.0, 0.0, 0.0, 0.0, 1.0, 0.0, 0.0, 0.0, 0.0, 0.0, 0.0, 0.0, 1.0], "bins": [-0.006631498225033283, -0.00635096151381731, -0.00607042433694005, -0.00578988716006279, -0.005509350448846817, -0.005228813737630844, -0.004948276560753584, -0.004667739383876324, -0.004387202672660351, -0.004106665961444378, -0.0038261287845671177, -0.003545591840520501, -0.0032650548964738846, -0.002984517952427268, -0.0027039810083806515, -0.002423444064334035, -0.0021429071202874184, -0.0018623701762408018, -0.0015818332321941853, -0.0013012962881475687, -0.0010207593441009521, -0.0007402224000543356, -0.00045968545600771904, -0.00017914851196110249, 0.00010138843208551407, 0.0003819253761321306, 0.0006624623201787472, 0.0009429992642253637, 0.0012235362082719803, 0.0015040731523185968, 0.0017846100963652134, 0.00206514704041183, 0.002345684915781021, 0.0026262218598276377, 0.0029067588038742542, 0.0031872957479208708, 0.0034678326919674873, 0.003748369636014104, 0.0040289065800607204, 0.004309443756937981, 0.0045899804681539536, 0.0048705171793699265, 0.005151054356247187, 0.005431591533124447, 0.00571212824434042, 0.005992664955556393, 0.006273202132433653, 0.006553739309310913, 0.006834276020526886, 0.007114812731742859, 0.007395349908620119, 0.007675887085497379, 0.007956423796713352, 0.008236960507929325, 0.008517498150467873, 0.008798034861683846, 0.009078571572899818, 0.009359108284115791, 0.009639644995331764, 0.009920182637870312, 0.010200719349086285, 0.010481256060302258, 0.010761793702840805, 0.011042330414056778, 0.01132286712527275]}, "gradients/output.weight": {"_type": "histogram", "values": [1.0, 0.0, 0.0, 0.0, 0.0, 0.0, 0.0, 1.0, 0.0, 0.0, 0.0, 0.0, 0.0, 0.0, 1.0, 3.0, 1.0, 0.0, 0.0, 1.0, 1.0, 2.0, 2.0, 2.0, 3.0, 6.0, 2.0, 3.0, 4.0, 3.0, 4.0, 5.0, 9.0, 12.0, 1007.0, 122.0, 27.0, 14.0, 12.0, 7.0, 3.0, 3.0, 3.0, 5.0, 2.0, 0.0, 0.0, 3.0, 0.0, 0.0, 2.0, 0.0, 1.0, 0.0, 2.0, 0.0, 0.0, 0.0, 0.0, 0.0, 0.0, 0.0, 0.0, 1.0], "bins": [-0.11127904802560806, -0.10808365792036057, -0.10488826781511307, -0.10169288516044617, -0.09849749505519867, -0.09530210494995117, -0.09210671484470367, -0.08891132473945618, -0.08571594208478928, -0.08252055197954178, -0.07932516187429428, -0.07612977921962738, -0.07293438911437988, -0.06973899900913239, -0.06654360890388489, -0.06334821879863739, -0.06015283241868019, -0.056957442313432693, -0.053762055933475494, -0.050566665828228, -0.0473712794482708, -0.0441758893430233, -0.0409805029630661, -0.037785112857818604, -0.034589722752571106, -0.03139433264732361, -0.02819894626736641, -0.025003556162118912, -0.021808169782161713, -0.018612779676914215, -0.015417391434311867, -0.012222003191709518, -0.00902661681175232, -0.005831228569149971, -0.0026358398608863354, 0.0005595488473773003, 0.0037549370899796486, 0.0069503262639045715, 0.01014571450650692, 0.013341102749109268, 0.016536489129066467, 0.019731877371668816, 0.022927265614271164, 0.02612265571951866, 0.02931804209947586, 0.03251343220472336, 0.035708822309970856, 0.038904208689928055, 0.04209959879517555, 0.04529498890042305, 0.04849037528038025, 0.05168576538562775, 0.054881151765584946, 0.05807654187083244, 0.06127192825078964, 0.06446731835603714, 0.06766270846128464, 0.07085809856653214, 0.07405348867177963, 0.07724887132644653, 0.08044426143169403, 0.08363965153694153, 0.08683504164218903, 0.09003043174743652, 0.09322581440210342]}, "gradients/hidden_layers.2.bias": {"_type": "histogram", "values": [1.0, 0.0, 0.0, 0.0, 0.0, 0.0, 0.0, 0.0, 0.0, 0.0, 0.0, 0.0, 0.0, 0.0, 0.0, 0.0, 0.0, 0.0, 1.0, 0.0, 0.0, 1.0, 0.0, 1.0, 0.0, 1.0, 1.0, 0.0, 1.0, 0.0, 1.0, 0.0, 2.0, 2.0, 1.0, 1.0, 0.0, 1.0, 4.0, 7.0, 2.0, 4.0, 3.0, 4.0, 5.0, 7.0, 67.0, 2.0, 2.0, 2.0, 0.0, 1.0, 0.0, 1.0, 0.0, 1.0, 0.0, 0.0, 0.0, 0.0, 0.0, 0.0, 0.0, 1.0], "bins": [-0.00518062524497509, -0.005068420432507992, -0.0049562156200408936, -0.004844010807573795, -0.004731805995106697, -0.004619601182639599, -0.004507396370172501, -0.004395191557705402, -0.004282986745238304, -0.004170781932771206, -0.004058577120304108, -0.003946372307837009, -0.003834167495369911, -0.003721962682902813, -0.0036097578704357147, -0.0034975530579686165, -0.0033853480126708746, -0.0032731432002037764, -0.003160938387736678, -0.00304873357526958, -0.0029365287628024817, -0.0028243239503353834, -0.0027121189050376415, -0.0025999140925705433, -0.002487709280103445, -0.002375504467636347, -0.0022632996551692486, -0.0021510948427021503, -0.002038890030235052, -0.0019266852177679539, -0.0018144802888855338, -0.0017022754764184356, -0.0015900707803666592, -0.001477865967899561, -0.0013656611554324627, -0.0012534563429653645, -0.0011412515304982662, -0.001029046718031168, -0.0009168417891487479, -0.0008046369766816497, -0.0006924322806298733, -0.000580227468162775, -0.00046802262659184635, -0.00035581778502091765, -0.00024361297255381942, -0.00013140816008672118, -1.9203289411962032e-05, 9.30015230551362e-05, 0.00020520645193755627, 0.0003174112644046545, 0.0004296161059755832, 0.0005418209475465119, 0.0006540257600136101, 0.0007662305724807084, 0.0008784354431554675, 0.0009906402556225657, 0.001102845068089664, 0.0012150498805567622, 0.0013272546930238605, 0.0014394596219062805, 0.0015516644343733788, 0.001663869246840477, 0.0017760740593075752, 0.0018882788717746735, 0.0020004836842417717]}, "gradients/hidden_layers.2.weight": {"_type": "histogram", "values": [1.0, 0.0, 0.0, 0.0, 0.0, 0.0, 1.0, 1.0, 1.0, 0.0, 0.0, 1.0, 1.0, 2.0, 2.0, 3.0, 5.0, 2.0, 9.0, 10.0, 9.0, 18.0, 20.0, 30.0, 43.0, 70.0, 129.0, 224.0, 673.0, 31360.0, 71.0, 29.0, 19.0, 6.0, 7.0, 5.0, 3.0, 2.0, 1.0, 1.0, 2.0, 2.0, 1.0, 0.0, 0.0, 0.0, 2.0, 0.0, 0.0, 0.0, 0.0, 0.0, 0.0, 0.0, 0.0, 1.0, 0.0, 0.0, 0.0, 0.0, 0.0, 0.0, 0.0, 1.0], "bins": [-0.03061673603951931, -0.02956933155655861, -0.02852192521095276, -0.027474520727992058, -0.026427114382386208, -0.025379709899425507, -0.024332303553819656, -0.023284899070858955, -0.022237494587898254, -0.021190090104937553, -0.020142683759331703, -0.019095279276371002, -0.018047872930765152, -0.01700046844780445, -0.01595306396484375, -0.0149056576192379, -0.01385825127363205, -0.012810845859348774, -0.011763440445065498, -0.010716035962104797, -0.009668629616498947, -0.008621225133538246, -0.0075738197192549706, -0.006526414304971695, -0.005479009822010994, -0.004431604407727718, -0.0033841992262750864, -0.0023367940448224545, -0.0012893886305391788, -0.00024198321625590324, 0.000805421732366085, 0.0018528271466493607, 0.0029002316296100616, 0.003947637043893337, 0.004995042458176613, 0.006042447406798601, 0.007089852821081877, 0.008137257769703865, 0.00918466318398714, 0.010232068598270416, 0.011279474943876266, 0.012326880358159542, 0.013374285772442818, 0.014421690255403519, 0.015469096601009369, 0.01651650108397007, 0.01756390556693077, 0.01861131191253662, 0.019658716395497322, 0.020706120878458023, 0.021753527224063873, 0.022800931707024574, 0.023848338052630424, 0.024895742535591125, 0.025943148881196976, 0.026990553364157677, 0.028037957847118378, 0.02908536233007908, 0.03013276867568493, 0.03118017315864563, 0.03222757950425148, 0.03327498584985733, 0.03432238847017288, 0.03536979481577873, 0.03641720116138458]}, "gradients/hidden_layers.1.bias": {"_type": "histogram", "values": [1.0, 0.0, 0.0, 0.0, 0.0, 0.0, 0.0, 0.0, 0.0, 0.0, 1.0, 0.0, 0.0, 2.0, 1.0, 0.0, 0.0, 2.0, 1.0, 2.0, 2.0, 4.0, 1.0, 1.0, 0.0, 5.0, 2.0, 2.0, 8.0, 11.0, 7.0, 8.0, 15.0, 24.0, 111.0, 4.0, 4.0, 1.0, 2.0, 3.0, 7.0, 2.0, 3.0, 5.0, 1.0, 2.0, 2.0, 1.0, 1.0, 0.0, 0.0, 0.0, 0.0, 1.0, 1.0, 0.0, 0.0, 0.0, 1.0, 1.0, 1.0, 0.0, 1.0, 1.0],